username,most_active_day,most_active_hour,freq_of_most_hashtag,location,verified,followers_count,friends_count,favourites_count,statuses_count,month_created,year_created,is_buzzer
_jagalpasar,6,17,37,0,0,183,204,108,23502,10,2016,0
adirahman149,1,13,81,1,0,471,566,6831,5600,6,2011,0
adriy_six,5,13,7,1,0,134,214,46,10850,12,2010,0
AlKausar5,6,15,24,1,0,1425,3276,21467,69036,2,2012,0
apuyman1,5,3,16,1,0,667,974,6523,10813,7,2012,0
ariesta_joe,3,20,9,1,0,574,337,43938,18458,11,2015,0
arjobardian,6,7,7,1,0,2545,4859,2333,48757,7,2010,0
didinhikmah,5,15,33,1,0,949,997,7580,12067,4,2011,0
dwytono,6,3,11,1,0,1555,1710,160099,82696,2,2013,0
Evialfa20,5,21,49,0,0,2162,2316,65403,93590,11,2012,0
FarelmaxL,5,13,20,0,0,268,265,7974,52171,12,2018,0
gungunadi21,7,23,15,1,0,1127,484,203,26788,6,2015,0
haeruddinwahid,5,1,4,1,0,279,193,11118,10601,9,2018,0
hendrikk168,5,5,16,0,0,815,869,582,79420,10,2015,0	
Mariawan_md,7,17,21,0,0,1221,2125,14212,34486,9,2010,0
nasjuneri,7,12,5,1,0,102,192,4036,1470,8,2015,0
riana_reyna2,5,20,4,0,0,271,307,23033,9947,1,2012,0
risnandar_enda,3,11,9,1,0,184,302,5114,3087,10,2018,0
tanto_majukarep,6,0,12,1,0,91,159,839,15712,10,2016,0
taqyudinuyud,6,23,9,0,0,58,181,4943,2569,7,2013,0
Themark38825398,3,23,113,1,0,55,158,329,4809,9,2018,0
_fatherboard,5,11,3,0,0,81,86,68,392,10,2012,0
10pahlevy,7,19,21,0,0,23,67,49,347,10,2015,0
2y0d_harianja,1,23,8,1,0,42,155,1375,554,7,2014,0
55kaying,7,0,12,0,0,193,1138,22374,24493,6,2015,0
aaeman7,2,22,8,1,0,67,85,2411,2608,6,2010,0
AaIdong,6,20,6,1,0,78,461,5110,5690,7,2016,0
aannurrohmatull,7,15,271,0,0,518,686,43537,133355,6,2015,0
aarifimam,5,9,4,1,0,702,556,454,16266,2,2010,0
AauRHMN,6,23,8,0,0,782,330,947,16087,12,2011,0
AbangAcho,7,16,4,1,0,3122,1321,1690,26083,9,2009,0
AchmadSyabani7,2,18,8,1,0,55,283,1466,1156,2,2019,0
acunganidwi,7,5,1,0,0,51,94,0,167,11,2011,0
adi_henry,7,5,14,1,0,478,501,75664,87626,10,2010,0
adihijrodi,6,22,7,0,0,29,57,705,930,9,2013,0
aditdemarco,7,17,8,1,0,365,526,73343,12025,4,2009,0
adseynasy,7,22,14,0,0,122,194,1786,6660,2,2010,0
aduhprasetyo,3,7,65,1,0,39,48,146,488,7,2018,0
AgungWidrajat,6,13,23,1,0,2121,1029,81404,339155,4,2012,0
Agus_Purwadi,3,0,3,1,0,543,49,213,30011,6,2009,0
agusabah1980,6,13,9,0,0,717,698,12548,34195,5,2015,0
Agusreev,4,14,34,1,0,307,358,9822,6094,10,2017,0
AgusRiy38428286,1,11,10,1,0,56,552,3775,1478,1,2019,0
AgusSol05367973,6,11,28,0,0,251,621,34702,27220,4,2018,0
AgustiraElida,5,16,1,1,0,2,81,47,29,9,2018,0
AhdanZainal,1,6,83,1,0,321,372,103,3780,7,2016,0
ahmadf415al,1,10,13,1,0,36,163,157,1626,8,2010,0
ahmadnoormuham3,4,20,13,1,0,572,9727,224,80209,1,2018,0
ajenar,4,23,13,0,0,442,551,16791,25720,6,2009,0
akhdaud98,4,3,35,1,0,557,840,19989,5659,10,2017,0
akhmad_maulidan,1,20,1,1,0,0,17,45,53,2,2019,0
Aku51458105,7,2,22,0,0,48,156,3618,5476,11,2017,0
aldydidil,5,2,7,0,0,433,177,387,22133,12,2010,0
alfikriezi,6,5,8,1,0,119,227,8255,8550,7,2013,0
alfredridho,1,1,5,1,0,47,189,62,1630,12,2009,0
algifari_winer,6,5,8,1,0,2340,3655,18901,13290,2,2018,0
alhard78,4,9,42,0,0,28,193,65,398,8,2014,0
Alviant74790599,6,14,9,0,0,96,208,728,539,4,2019,0
amalia_ata_,2,1,27,1,0,293,946,3616,5218,3,2018,0
amin_amilin,6,23,2,1,0,42,314,1510,1461,6,2017,0
Among79,7,3,15,1,0,396,737,69391,16536,11,2016,0
amoysilitonga,1,17,3,1,0,144,330,16023,6104,8,2016,0
AmzaHendrik,6,23,10,0,0,153,658,2809,6698,9,2017,0
andaa_p,6,13,32,1,0,1576,1049,11120,47154,1,2016,0
andiana,3,21,31,1,0,4625,917,3158,322984,3,2008,0
AndiBH2,7,3,3,0,0,4,31,4,9,10,2018,0
andie_oyong,5,16,6,1,0,1014,837,5462,23953,4,2011,0
andik_sugiarto,7,19,41,1,0,68,223,5054,4085,8,2009,0
Andrebakezho1,5,18,10,1,0,16,179,6,64,3,2019,0
anjelin96159678,6,6,6,0,0,286,526,5499,3143,3,2019,0
anto_ich,2,20,12,1,0,971,2050,19808,12530,5,2013,0
Anto25801,3,15,15,1,0,39,101,614,1060,10,2018,0
AntoniT21150690,3,15,5,0,0,132,334,18734,1615,2,2018,0
AntoSunarto5,2,14,19,1,0,683,849,27758,4701,5,2018,0
Apekromansyah41,5,3,418,0,0,93,234,107,55,4,2019,0
aphrodead,3,16,1,1,0,786,479,747,1892,7,2015,0
Arasy86311509,2,12,5,0,0,23,194,104,979,4,2019,0
ardhanAmin,6,17,19,1,0,7300,2862,63183,26373,5,2018,0
ArdianHutagalu1,7,12,102,0,0,20,127,215,1617,3,2019,0
ArdianP80888755,4,5,338,0,0,58,9,68,1673,4,2019,0
arek_sby99,5,9,13,0,0,517,1069,12569,12224,2,2019,0
AriefHidayat48,1,0,7,1,0,584,1315,55254,14994,10,2011,0
arif_aminin,4,6,29,0,0,564,1782,18098,4736,1,2010,0
arifinpribadi,2,2,7,1,0,1499,1999,3644,24704,11,2009,0
Arifngk,6,14,9,1,0,419,478,24600,30731,10,2011,0
Arifzaidhan,7,16,5,1,0,531,273,513,40729,10,2017,0
arinfa09,5,11,19,0,0,359,199,29262,12458,8,2009,0
Ariozela90,6,13,5,0,0,23,202,266,2038,10,2017,0
aris9un,1,3,11,1,0,132,289,38,3757,9,2009,0
ArkJoanne,6,15,5,0,0,17,22,325,170,4,2019,0
arm4di0n,5,6,6,0,0,538,1535,50530,52632,12,2014,0
artshari,4,16,24,1,0,201,594,64,11979,5,2009,0
ArwanImam,2,14,2,1,0,25,67,98,24,4,2019,0
arwidodo,6,10,80,0,0,29739,2722,61,37525,6,2010,0
Asep_Ebiet69,6,1,4,0,0,73,410,1415,1805,9,2017,0
Asep_k_matrix,7,9,23,1,0,1359,1819,176,18712,10,2009,0
asepapit,7,14,9,1,0,3017,1904,57720,135124,2,2014,0
AsepWitoko,4,15,17,1,0,1529,617,44652,25781,2,2012,0
asrmiriz,4,15,16,1,0,189,497,6788,22203,1,2010,0
Astuty64,2,14,10,1,0,6937,3361,64473,53607,3,2016,0
Athar69046912,5,14,11,1,0,1920,1332,13243,10259,8,2018,0
atjep_gamis,7,2,8,0,0,136,557,2209,2110,1,2014,0
AufaAdzkia,1,14,2,0,0,82,714,2460,2583,5,2013,0
aufadirgahayu,4,2,5,0,0,830,861,1120,8893,2,2011,0
aulia2199,6,14,3,0,0,112,25,55,124997,9,2017,0
AW_danker,7,9,13,1,0,74,459,3331,1838,2,2018,0
ayahe_oza,3,13,5,1,0,82,613,2934,3652,12,2009,0
Ayambakarsarwa1,4,11,8,1,0,354,461,5534,2884,2,2019,0
AyatMamas,1,13,37,1,0,707,679,27856,9638,7,2014,0
azula_buzt,1,12,8,1,0,403,675,2261,4449,6,2009,0
azzamputra,7,9,34,1,0,259,832,16341,21289,6,2011,0
babibugill,5,15,23,0,0,8,294,30,1687,3,2019,0
BackSayur,1,14,30,0,0,336,1214,16337,6395,3,2019,0
BadjaNuswantara,6,14,14,1,0,28641,4351,194587,97919,6,2014,0
bagio_smi,1,10,6,1,0,437,1233,1284,27640,2,2012,0
bali_baim,4,11,9,1,0,221,311,4500,2578,1,2019,0
bamban9_dyp,1,1,8,1,0,163,134,205,1120,6,2009,0
BatipuahSurya,3,15,11,1,0,343,912,2893,3820,7,2014,0
Bayu7379,7,2,192,0,0,101,257,4861,4077,8,2018,0
bbgkris,7,10,14,0,0,462,478,6261,9017,1,2013,0
beresiko_,4,18,2,0,0,276,229,61,17437,2,2010,0
BitPoen,5,1,9,1,0,435,465,15140,5174,2,2019,0
Boeluxs1,5,2,25,0,0,135,297,26385,23814,11,2013,0
brandalsantri45,6,14,34,0,0,8580,4451,96380,25419,3,2015,0
budimandjatmiko,7,11,7,1,0,721163,1422,922,198332,8,2010,0
bundaerofi,7,10,18,1,0,256,260,3194,8335,7,2013,0
BurRonggo,7,16,10,1,0,224,482,13607,7735,2,2018,0
Cahkuwut,4,20,32,1,0,41,123,8300,8267,2,2019,0
Cahtega13627050,4,16,6,0,0,341,2048,12428,6759,2,2019,0
CakSiblon,5,14,80,1,0,198,411,304,4415,7,2014,0
Cakwaras1,1,14,5,0,0,35,176,46,483,1,2019,0
chaidar_2000,6,20,43,1,0,3065,2413,128820,139563,2,2013,0
CharlieCin,5,7,22,0,0,270,515,19510,24957,4,2014,0
Chondrezz1,7,1,5,0,0,12,637,20,472,11,2018,0
Christofel_ID,3,14,24,1,0,1271,2940,17893,64669,10,2009,0
cowongacengan,5,11,8,1,0,151,1006,27293,31835,5,2016,0
Cruxer2,4,1,39,1,0,212,346,4007,4115,4,2019,0
cumarachel,3,6,35,1,0,61896,552,150,21521,5,2012,0
CumiCue,7,11,15,1,0,3447,1592,38519,68567,1,2013,0
DaayaaD,4,7,7,1,0,932,986,454,31291,3,2013,0
dani_pangabean,4,10,5,1,0,1868,3620,36341,26927,8,2015,0
danicikz,6,23,12,1,0,532,735,10179,7630,4,2012,0
danrem,3,4,5,1,0,31382,650,526,98810,4,2009,0
dari_azura,7,9,6,1,0,1015,457,17738,7685,4,2018,0
darma_sitepu,7,12,8,1,0,69,103,201,6637,10,2011,0
DastrianaYuani1,2,7,10,0,0,213,586,29609,25363,5,2013,0
DDRezhaa,7,12,28,1,0,26122,807,290,44146,7,2012,0
deAr_idir,7,22,4,1,0,337,646,10390,5442,3,2010,0
deasarahamira,5,14,8,1,0,139,64,449,650,4,2013,0
dedisagala24,6,14,7,1,0,1328,288,167677,159164,5,2016,0
deedewilestari1,4,11,23,1,0,257,381,89,792,4,2010,0
DepokXerof,2,16,4,1,0,347,700,8485,6808,8,2013,0
Derrywahyudi,3,23,5,1,0,243,521,16995,3974,5,2011,0
devolta18,5,15,31,1,0,2823,4158,56036,18007,6,2012,0
dewagedepermana,4,16,86,1,0,499,1302,18258,24894,5,2009,0
DIAN_ALMAHRI_87,6,13,6,1,0,310,1287,8097,2113,8,2013,0
DianMyesha,3,7,79,1,0,2,35,0,734,2,2019,0
dimtung_,4,10,8,1,0,93,209,256,3313,2,2016,0
Dio_Nzee,5,10,59,1,0,11711,2261,62863,72822,7,2016,0
ddwwiittaa,5,0,15,1,0,330,111,2355,9202,11,2011,0
viikinurhayati,7,13,4,1,0,19,253,1460,355,11,2018,0
ekomada8,6,3,2,1,0,36,204,645,753,9,2018,0
HasbiDahlan,6,0,2,0,0,14,58,167,120,3,2019,0
jawabarat_info,4,10,4,1,0,6486,11,16,625497,12,2012,0
Sening_93,7,8,3,1,0,11,45,238,32,8,2018,0
OfficialNETNews,4,14,16,1,1,43233,119,106,45072,10,2013,0
Wizqi1,3,20,2,1,0,15,184,7,19097,10,2018,0
istanacipanas_,2,13,84,1,0,46,59,13,445,5,2017,0
m_sastrowiranu,6,0,2,1,0,18,55,3,30,2,2011,0
_ErPra,7,2,184,1,0,322,107,137,7110,9,2011,0
msprihartono,2,4,4,1,0,515,110,5015,2357,2,2017,0
Kel_Kencana,2,7,188,1,0,2322,1378,2154,5800,5,2014,0
furymagh,3,13,2,1,0,836,295,347,17818,4,2013,0
HariyantoS212,2,8,6,1,0,79,146,1176,589,4,2018,0
kresna_92,6,6,429,0,0,2,23,20,72,2,2019,0
JelajahPersada,4,1,7,0,0,50,249,310,482,12,2014,0
jamalscout1,5,7,5,1,0,84,143,148,258,10,2013,0
MPrambon,2,8,7,0,0,0,10,0,113,10,2018,0
FilosofiArsyita,7,12,445,1,0,6,25,234,59,4,2019,0
Chongky129,3,1,15,1,0,82,26,75,5891,3,2013,0
abdulmuis7671,1,5,204,1,0,141,62,49,304,7,2015,0
kopisastraa,2,11,1,1,0,5,16,60,25,4,2019,0
Elshinta_TV,6,3,425,1,0,18,87,4,76,3,2019,0
Purwa_HL,2,10,1,1,0,5,148,58,42,1,2014,0
herucipicuy1,7,1,2,1,0,44,148,2,155,12,2011,0
RinaSholiha,3,6,2,1,0,5,18,139,22,9,2018,0
ManilaSalma,3,4,2,0,0,8,41,19,54,3,2019,0
Mujib_Rohmat,4,8,8,1,0,62,250,0,80,3,2019,0
KopoBDG,4,12,47,1,0,2901,140,198,537862,9,2009,0
ArisSaiful2,1,15,6,1,0,174,815,10080,3163,7,2014,0
KPPBungo,5,11,67,1,0,481,235,6,656,9,2015,0
edlinmangundap,6,17,125,1,0,480,337,4,6673,5,2009,0
bukanracun,6,11,1,1,0,380,216,555,11148,6,2012,0
JuwitaManiss,3,14,177,1,0,336,119,2,3042,4,2016,0
GaloehbundaEl,7,6,4,0,0,20,174,19,112,9,2013,0
heiyul_,3,14,3,0,0,48,114,1055,1812,2,2016,0
PnewsId,2,16,73,1,0,17,176,198,795,12,2018,0
akbarnashar,7,14,2,1,0,332,124,368,19515,1,2011,0
Awangbagas3,7,12,3,1,0,27,130,204,223,1,2019,0
masadepannyakm,7,14,8,1,0,100,142,7047,580,12,2018,0
aisyahbnti,2,9,3,0,0,2,42,6,66,2,2019,0
kadiyono,2,8,5,1,0,1580,4997,67778,40758,10,2009,0
izalogitu,3,11,16,0,0,114,608,9608,2764,9,2016,0
gust50166758,7,15,6,1,0,139,643,6891,1327,7,2018,0
wrongwaykid,1,6,487,0,0,0,6,2,14,1,2017,0
juniararif12,2,18,9,1,0,11,22,83,75,12,2014,0
adde_saadah,6,11,7,1,0,21,109,325,233,12,2014,0
kbriamman,4,7,18,1,0,972,145,147,1067,8,2015,0
yan_sofiyan,1,23,121,0,0,883,872,1325,2010,6,2014,0
adypermadi,3,6,15,0,0,1154,1250,16,16251,3,2009,0
aristoxenous,4,15,10,0,0,8,6,222,219,10,2017,0
ErGalang_DB,6,13,1,1,0,0,9,43,18,5,2017,0
bstio,3,21,9,0,0,911,832,23139,46751,7,2009,0
wa_azid,3,11,8,1,0,241,632,8008,5809,10,2013,0
newsmerahputih,3,10,352,1,0,9046,217,159,85030,8,2014,0
nicetrainner,4,16,1,0,0,2672,366,533,30347,5,2011,0
rosmaladewisdk,1,10,179,1,0,201,84,5,3787,7,2016,0
Andikarnoldy,1,12,2,0,0,101,294,86,2567,6,2011,0
gigihadiguna,1,13,4,0,0,2863,1327,2545,63248,7,2011,0
greendulu,2,2,4,1,0,521,320,3137,11775,9,2009,0
mirabudioct,6,16,6,1,0,329,481,214,3271,9,2013,0
RidhaBogor,4,14,175,1,0,295,134,9,3164,4,2016,0
widdyhartati,5,15,1,1,0,61,112,1236,1006,11,2018,0
Udinanam3,2,11,2,1,0,2,4,0,3,12,2018,0
BNPTRI,5,9,20,1,1,78205,92,47,1883,4,2016,0
pewok,6,4,8,1,0,142,42,24,1571,7,2009,0
panwascammajal1,4,11,28,0,0,6,8,0,85,8,2018,0
agung_kusasti,1,15,7,1,0,438,300,216,5849,4,2011,0
kanuhate,2,11,2,1,0,587,740,49970,59270,12,2016,0
AchRojil,6,9,2,1,0,21,84,39,108,6,2018,0
panwascamgenuk,6,23,34,1,0,12,16,173,401,9,2017,0
Rose__Brand,4,14,1,1,0,3615,2084,4615,13977,6,2015,0
syita_cute,3,14,178,1,0,286,112,12,2918,4,2016,0
AlamSuteraInfo,5,4,48,1,0,4247,125,140,4886,11,2012,0
kontekstualcom,7,12,1,0,0,174,0,4,85,11,2018,0
RickyBimo,1,14,11,1,0,83,182,16,665,3,2014,0
HmsPoldaPapua,5,7,262,1,1,2500,35,178,4172,12,2016,0
HaniahHanamichi,3,14,98,1,0,286,352,7263,8916,8,2017,0
wafizazuhayra,3,8,3,1,0,2,21,16,84,10,2018,0
its_maulidya,2,3,5,1,0,217,165,43,4904,3,2014,0
AbymanyuAw19,1,8,249,1,0,23,138,2855,251,4,2018,0
Taufikarif95,7,3,2,1,0,4,88,122,44,5,2017,0
d_ibn94,7,2,453,1,0,171,100,3,54,10,2011,0
TBNewsSragen,2,1,310,0,0,47,26,1344,2137,7,2018,0
translatorbali,1,15,12,1,0,3694,1659,55084,182669,7,2009,0
DhinaKusumaN,2,16,7,1,0,506,282,1919,36385,2,2010,0
darisayadisini,4,17,1,0,0,386,195,460,976,12,2012,0
jeparakabgoid,5,0,15,1,1,4506,77,73,1880,4,2013,0
JogjaUpdate,2,15,2,1,1,876600,68962,3135,365500,3,2010,0
afifahnursheha,6,11,14,1,0,254,299,216,4079,11,2013,0
Dimashamdan8,6,14,1,1,0,26,45,201,12,7,2018,0
IPolseklhoong,3,13,16,0,0,0,2,0,102,3,2019,0
nanaayudong,3,14,177,1,0,315,107,0,3017,4,2016,0
hanifah932,4,4,22,1,0,1245,1209,37200,12770,12,2016,0
hanjenif,4,17,34,0,0,2595,2250,80369,63234,9,2017,0
hansri_darwin,4,23,18,0,0,36,126,1509,1929,8,2013,0
hansssolo,6,3,14,1,0,885,461,18368,36002,11,2010,0
harun_ar,6,13,9,1,0,407,899,119,18184,5,2009,0
HendryAripin,5,4,5,1,0,5,23,7,503,10,2013,0
hgberry,7,5,87,0,0,1528,695,177623,271720,3,2010,0
Husodo2019,3,14,6,0,0,169,160,387,11398,5,2018,0
hutriadiqr023,4,7,477,1,0,6,56,71,24,11,2016,0
i_Pras,7,11,33,1,0,952,170,13683,36562,1,2010,0
IbhamJ,6,10,17,1,0,644,435,8222,54946,9,2018,0
ibrahim_hen,1,14,186,1,0,8,37,747,749,1,2018,0
Idruslatif_bone,7,13,5,1,0,197,753,21306,8955,11,2018,0
ilhamiff,5,13,3,0,0,571,473,50,24535,4,2010,0
imelace,1,5,10,1,0,55,268,3124,3625,3,2010,0
Imnida03,7,23,5,1,0,3868,2552,101057,70940,8,2016,0
IMucharromah,2,13,3,0,0,418,1015,4693,16807,8,2013,0
indahfnur,6,14,12,1,0,294,237,11631,35308,4,2010,0
Innayaputri72,6,20,32,1,0,2323,1382,18702,17525,10,2018,0
inxstsabitto,7,15,6,1,0,257,301,2673,5257,11,2010,0
ipamungkas,1,3,99,1,0,137,114,21,6942,9,2009,0
ipiN_Toelen,1,13,63,1,0,782,705,5677,5888,10,2018,0
ipung2667,5,3,35,0,0,158,319,10820,6636,2,2017,0
ishaksp123,7,12,4,1,0,45,135,708,477,2,2019,0
ismuziezna,3,23,4,0,0,271,1022,1981,14946,6,2013,0
Isnaforever,6,13,3,1,0,7445,775,630,254562,3,2010,0
Itha9677,6,22,12,1,0,326,347,4102,2160,5,2018,0
JackSpa16103535,4,11,153,1,0,155,418,7919,4156,8,2018,0
Jans33581974,6,14,54,1,0,56,170,1006,822,4,2019,0
Je_Latah,7,16,6,1,0,1061,724,20720,18613,6,2012,0
Jeki_Ayu,6,19,10,1,0,1247,271,12566,21446,2,2012,0
jennyfebe,7,7,6,1,0,399,256,43577,52919,8,2010,0
JesseFrederick,1,5,2,1,0,1912,472,8,13030,5,2011,0
jinarsaskara,5,4,11,1,0,1581,1153,3928,41460,12,2009,0
Joe41563488,7,10,21,0,0,90,339,6708,2656,4,2019,0
joezenzie,4,4,14,1,0,368,600,2697,2466,1,2019,0
Jokard12,4,7,190,0,0,7,292,28,368,2,2019,0
Jumiasri,6,14,8,0,0,470,656,5490,7174,6,2012,0
jumriadiat,5,8,12,0,0,132,598,3141,5003,2,2017,0
kangirul803,7,3,11,1,0,55,195,15485,544,7,2017,0
KangNJ2,6,6,15,0,0,35,194,435,1416,2,2019,0
Kanjutlaer3,4,1,5,0,0,26,591,190,3777,3,2019,0
kartadjaya,4,9,15,0,0,171,331,3803,9853,3,2019,0
katerinaKwari,7,11,20,1,0,2691,669,1115,68128,5,2018,0
KH4P03R,2,14,3,1,0,1364,3960,3815,29722,2,2011,0
KiMayit,3,5,9,1,0,166,619,2329,8010,10,2014,0
kitsiangfreddy,6,2,27,0,0,585,575,129009,94245,1,2014,0
kondang_sablenk,5,11,8,0,0,61,515,2242,1818,1,2019,0
KS76049262,3,9,4,1,0,12,51,1222,1785,12,2016,0
KTjahyana,7,4,40,1,0,374,1130,13111,7499,9,2017,0
kucin_q,6,14,22,0,0,475,522,22960,8628,3,2019,0
kudhanil17,3,1,7,1,0,427,919,6297,5705,9,2018,0
Lesti67564174,3,16,93,1,0,156,111,4109,3969,3,2019,0
lidyafebriant19,6,8,214,1,0,18,11,78,272,4,2019,0
LilikSatrio,4,0,4,1,0,480,397,311,38304,8,2009,0
lilysparkling,1,13,14,1,0,10,111,12,531,10,2016,0
LiyantoDwi,7,0,4,1,0,9,39,410,612,1,2019,0
LJokower,2,23,13,1,0,113,211,2043,3241,3,2019,0
LubnaLuluk,1,15,15,1,0,36,125,3018,710,5,2015,0
LukmanNu12,6,11,7,1,0,652,4896,29209,26900,1,2014,0
LutfiAnanto,7,8,9,1,0,72,97,10710,10360,10,2018,0
Mahdi_Izzulhaq,4,11,8,1,0,1337,772,1597,4392,3,2011,0
mamunrazaq,4,15,135,1,0,238,313,16692,71536,5,2010,0
Mang_Aldo,6,18,8,0,0,347,656,10323,27371,4,2015,0
mangostalkyrice,4,0,7,1,0,404,1079,271,19650,8,2009,0
MardaniAliiSera,1,4,16,1,0,26,0,0,882,1,2019,0
MardaniAliSera,1,9,17,1,1,238872,418,2100,9873,3,2010,0
martin_gunawan,1,13,7,1,0,118,136,19,288,6,2010,0
marvel31894664,3,15,13,0,0,513,437,1591,6972,2,2016,0
marzukiuki,6,13,9,1,0,72,837,1208,2708,3,2010,0
Masden10835849,6,15,8,1,0,393,693,29887,11185,6,2018,0
mbah_wenang,7,10,8,1,0,150,1164,5782,13567,11,2009,0
mc_ashar,7,15,32,1,0,184,461,225,2151,10,2013,0
MDarukudni,5,21,28,1,0,526,3035,1116,7515,8,2013,0
Megatop99,4,9,2,1,0,57,564,1859,2998,4,2011,0
MeiliantiTeti,1,15,337,1,0,30,63,1383,143,2,2019,0
Melata_Dijalan,2,9,4,1,0,154,205,916,3213,10,2017,0
melia71kusumawa,3,4,6,1,0,14,71,49,79,12,2013,0
merwinreynold,2,16,27,1,0,1295,2176,31426,52890,6,2010,0
MFAnsyaruddin,6,17,2,1,0,110,534,5177,1945,2,2017,0
mieayamgerobak,1,3,341,1,0,19,114,12,172,11,2013,0
mindar69,7,16,13,1,0,649,2498,12218,8213,10,2009,0
mjenar2,2,12,38,0,0,395,406,22763,18776,3,2017,0
Moch_herianto,5,13,1,1,0,1809,547,16787,19300,7,2013,0
MOCHAMADIWAN5,2,12,13,1,0,101,113,3870,8328,10,2016,0
mochsadikin,6,14,5,1,0,72,112,6670,2850,2,2012,0
MohAliMahmud1,6,3,25,0,0,99,249,8105,4469,1,2019,0
MohammadKhafi11,6,12,2,0,0,155,878,4905,4872,3,2019,0
MohammedrizkyNR,7,7,48,1,0,95,152,421,412,1,2019,0
momybastian,2,20,12,1,0,438,1135,10001,14569,2,2011,0
Monicaangelia29,7,10,5,1,0,9,40,127,170,12,2018,0
Parakang_TL,5,10,54,1,0,2590,1965,48,1853,7,2014,0
KertasGulung,2,13,3,1,0,20,6,9,98,10,2010,0
Salsabila_safn,3,4,496,0,0,9,24,11,6,3,2018,0
kintan89,4,9,453,0,0,21,104,3,48,2,2019,0
GFinarta,2,3,2,0,0,2,31,1,44,2,2019,0
AyoBogor,2,4,232,1,0,1677,102,946,74238,8,2015,0
panwaslihabar,1,3,20,1,0,269,9,0,57,9,2009,0
BandungINFO_KU,1,12,65,1,0,4061,33,36,226844,12,2012,0
malikwibowo10,2,4,96,0,0,32,112,1268,2337,8,2017,0
elyaghea,7,15,60,1,0,282,15,186,3552,2,2019,0
ziswakartika,7,9,2,1,0,13,24,181,29,9,2018,0
Polresta_SMD,3,1,109,1,0,1145,117,344,2831,3,2013,0
PolsekSidoharjo,2,4,2,0,0,1,0,4,185,6,2018,0
olgaArsenalFC,1,16,10,1,0,1269,622,720,45038,10,2010,0
GagakNew,1,3,4,0,0,3426,578,745,72907,1,2018,0
Huda_Refo,1,13,7,1,0,10,162,447,542,5,2018,0
seputarTA,1,13,10,1,0,12181,2660,1088,94179,1,2012,0
cari2info,3,23,28,0,0,1585,34,25,149461,10,2012,0
Ulul_Ilmie,1,14,1,1,0,76,209,4,44,10,2013,0
erick_meztymezt,4,1,4,1,0,130,266,321,4516,8,2012,0
DeniRangga1,3,7,6,1,0,26228,26756,17961,15142,12,2013,0
CloverMagi,4,7,27,0,0,133,273,29278,8113,3,2019,0
purnama_gian,4,16,1,0,0,36,143,8,23,1,2014,0
DaweReal,7,6,46,0,0,2,5,83,92,3,2019,0
Jodha_Akbar_S,5,8,447,1,0,7,88,3,54,1,2019,0
putra_pamex,4,8,62,1,0,254,582,300,6743,8,2011,0
tour_a3,1,13,10,0,0,3,86,21,54,2,2019,0
FarisMuddin,6,3,9,1,0,190,262,709,519,3,2011,0
Citraputrirmd,1,15,11,1,0,292,315,94,2901,2,2012,0
isyarancic,6,15,9,0,0,181,127,11,4738,2,2010,0
inijonynih,4,15,29,1,0,304,418,3124,3772,5,2010,0
juneisup,4,15,2,1,0,493,356,1617,32518,5,2010,0
kolejlaif,6,13,4,1,0,736,421,1535,25831,3,2011,0
nuha_lin,7,14,4,1,0,63,184,2289,1751,3,2011,0
HandayaniSistri,4,14,175,1,0,179,77,32,2798,7,2016,0
aniek_supoyo,3,14,167,0,0,265,102,2,3149,4,2016,0
LamselBawaslu,6,2,442,1,0,43,28,40,136,10,2018,0
Misbah22_5,1,14,23,1,0,22,87,6571,5353,5,2018,0
ANHAthougts,2,14,485,0,0,5,12,8,16,4,2019,0
Humas_PolresBIK,2,3,8,1,0,31,343,20,94,11,2017,0
PolresKepahiang,5,6,49,1,0,80,131,61,1524,10,2013,0
rifqiyep,1,14,5,1,0,185,234,706,19333,2,2015,0
bola_media,7,22,70,1,0,1151,75,125,123931,10,2012,0
AriefBachti,5,13,243,1,0,7,51,564,258,7,2018,0
DianaYuanita110,3,14,177,0,0,335,125,15,2974,4,2016,0
dindanrnwt,4,14,2,0,0,618,430,241,3401,2,2012,0
ihhindra,1,7,45,1,0,637,1633,7,643,4,2012,0
dunia_hagia,4,6,2,1,0,15,50,10,70,3,2019,0
rahardjo_hary,6,4,8,1,0,181,771,1189,280,11,2018,0
nhhaqi,5,5,3,0,0,5,38,28,53,4,2019,0
Mayasafitri05,3,14,63,1,0,52,71,1337,5339,8,2017,0
Ardiarsari,5,16,3,1,0,260,156,3721,8359,2,2010,0
Galih914,3,7,115,0,0,50,139,199,624,1,2019,0
_kankuu,6,12,3,1,0,59,3,11,108,1,2013,0
IzrailIrawan,2,6,55,1,0,64,946,815,547,10,2017,0
GusdurianKL,6,14,33,1,0,1201,649,2485,7306,4,2015,0
adi99jauhari,3,18,9,1,0,146,1305,7504,6775,12,2011,0
nasrulabidinwae,2,23,3,0,0,38,459,2940,509,10,2013,0
NugYmuL,1,12,40,1,0,371,677,13,1449,10,2010,0
watyutink,3,8,51,0,0,260,1003,501,1039,8,2017,0
cmsanatadharma,2,2,32,1,0,864,382,438,5024,2,2012,0
rageisna,7,13,2,1,0,597,196,154,24953,4,2010,0
KejaksaanRI,3,9,32,1,1,59576,88,2307,6224,3,2016,0
Agus_Tsay,6,7,13,1,0,127,895,4065,16740,1,2017,0
SuryaSilalahi2,1,10,1,0,0,22,70,20,9,8,2018,0
kurtadit,7,15,4,1,0,500,592,347,14443,4,2011,0
1putraFranklin,4,8,2,0,0,22,32,32,51,8,2015,0
AyuManda19,2,8,468,1,0,13,44,0,33,9,2018,0
RosLin153,3,0,4,1,0,17,65,693,938,9,2016,0
Rokku_Rock,5,15,15,0,0,14,78,4259,179,9,2013,0
renita_,4,14,3,1,0,407,239,99,31386,6,2009,0
fsyam2811,7,7,147,0,0,30,391,363,353,2,2018,0
syarief_thalib,1,3,96,1,0,163,123,890,1216,2,2013,0
Briaandam1,6,20,3,1,0,19,74,9,211,2,2019,0
akun_easy,5,3,83,0,0,1354,3959,18296,22411,8,2013,0
riansulistio11,7,17,7,1,0,292,4061,34539,31110,9,2015,0
eugenejung14,7,6,469,1,0,7,46,6,34,12,2018,0
SekTebatKarai,5,13,17,1,0,14,102,8,1227,3,2018,0
riatul_HN,1,15,2,1,0,13,40,249,253,9,2016,0
ardansyah007,6,10,8,1,0,34,60,227,270,2,2013,0
ykbmedia,2,1,158,0,0,95,34,4,6911,1,2013,0
Kalimas_desaku,2,14,34,1,0,171,94,2773,866,10,2017,0
widya_widey,2,2,5,1,0,230,270,280,1660,8,2009,0
Fans_Of_Shekari,5,1,428,1,0,10,23,62,77,12,2018,0
IsmailM99050251,6,5,5,0,0,0,10,123,58,9,2018,0
El_Shiirazy,5,15,23,1,0,43,72,61,2358,7,2011,0
PINXtter,5,15,31,1,0,172,310,87,3060,11,2010,0
piusyarif,5,15,8,1,0,458,410,231,18682,3,2009,0
IPPNU_BWI,7,0,240,1,0,206,49,95,262,3,2016,0
yonarmed3,4,14,37,1,0,139,297,306,1804,12,2017,0
KBRI_Athena,4,7,22,1,0,1079,126,328,948,1,2015,0
abebgs,7,5,3,1,0,176,275,1147,13284,3,2013,0
aingmaungjati,7,10,8,1,0,13,27,62,37,1,2019,0
humaspolres_pwk,5,3,29,0,0,3031,4611,3765,31324,12,2015,0
Dendy_Koeswara,2,19,7,1,0,296,234,82,10447,2,2011,0
LFakhruni,3,6,2,1,0,4,39,20,24,8,2018,0
nengbeng,2,10,10,1,0,761,474,2707,80294,8,2009,0
ulf_aw,4,13,5,1,0,228,326,2438,2998,4,2011,0
Just_Mugiyanto,1,14,35,1,0,106,170,1670,859,9,2018,0
Kubrilclbk,2,4,21,1,0,3677,1658,11445,88183,6,2011,0
PengamenAngkot,5,5,5,1,0,22,334,1689,1257,4,2017,0
zelfeniwimra,1,11,6,1,0,909,720,279,2511,3,2011,0
ikamarsella,1,12,1,1,0,1127,889,188,23677,5,2010,0
PolresYahukimo,1,2,430,1,0,10,2,0,108,3,2018,0
Achmad46Maulan1,6,14,5,1,0,71,566,4261,1843,7,2018,0
Nisrinalusya,2,2,34,1,0,267,171,150,848,5,2013,0
dkdlfls_,3,10,2,1,0,496,444,11611,50991,8,2009,0
AA_AndiAlfian,1,3,1,1,0,6,13,13,7,1,2010,0
naufalputran,3,17,7,1,0,162,175,138,3206,4,2013,0
sukajalanterus,6,0,26,1,0,315,877,1695,21328,10,2010,0
letaabigail,3,8,1,1,0,6,18,17,89,10,2018,0
AnanKrisujak,2,2,41,1,0,83,321,741,1400,10,2009,0
oktho,3,14,2,1,0,375,390,339,20717,1,2010,0
AdeliaMaghf,3,1,3,1,0,402,339,87,6774,6,2011,0
Chiciae,6,12,5,1,0,337,112,77,3682,3,2012,0
wppraningtyas,1,13,2,1,0,907,1692,5422,52042,2,2011,0
dody_js,2,2,12,0,0,319,393,54,10415,4,2012,0
marthunisbujung,5,14,5,0,0,812,232,354,10190,3,2011,0
kairamedina93,3,4,6,0,0,22,45,13,81,3,2019,0
fitrianhusna,6,5,6,1,0,73,135,181,225,1,2015,0
IndonesiaBaikId,4,10,43,1,1,9281,135,190,4583,2,2017,0
AndyRachmianto,4,4,10,1,0,237,81,118,1337,5,2017,0
RockNCok666,4,18,8,1,0,160,149,39,6540,3,2011,0
auliyakhumar,1,13,1,1,0,846,1705,2687,17158,9,2009,0
dausyk,7,22,2,1,0,99,483,223,6983,10,2012,0
Agoengtriady,1,15,22,1,0,274,226,17,2628,11,2010,0
OliviaOpy,3,9,4,1,0,13,39,7,131,10,2018,0
BillyFunky,2,13,45,1,0,925,2072,3219,39041,12,2009,0
SaraahWilliamsz,3,14,56,1,0,78,39,1324,2001,1,2019,0
ryan_haris,6,23,3,1,0,279,267,160,6110,8,2010,0
Beritasatu,3,8,150,1,1,546118,175,15,750619,6,2010,0
MuhIkhsan99,2,15,15,1,0,726,1896,15755,44595,8,2011,0
MarieMuhammad__,5,8,2,1,0,14,20,12,144,12,2018,0
AriefFadhilah09,1,22,43,1,0,199,163,154345,20359,3,2017,0
penguasahati,2,7,3,1,0,3946,443,14046,67733,7,2009,0
KomnasHAM,6,3,7,1,1,50427,100,429,7417,8,2010,0
Unair_Official,2,1,18,1,1,40283,148,0,23184,1,2013,0
antheansb,3,12,2,1,0,80,90,1539,3579,8,2018,0
noersyamnoer2,2,6,26,1,0,73,113,897,13562,2,2016,0
woeland72,4,14,43,1,0,830,725,8157,18696,1,2011,0
Angga_Reza09,5,11,87,1,0,30,169,5294,1770,9,2017,0
net_berbicara,7,8,5,0,0,310,4,1,77,2,2019,0
Deviraratu1,6,6,2,0,0,168,168,1,10,10,2018,0
moan1974,6,13,3,1,0,2451,496,32146,40272,6,2016,0
YaniSunarno,4,4,30,1,0,5128,171,1393,2249,2,2016,0
intanvalen,2,6,3,1,0,14,36,69,107,10,2016,0
Angga_Sinaga17,1,23,2,1,0,557,892,7,937,1,2011,0
hanifahhhf,4,23,3,1,0,507,154,509,28562,8,2012,0
idolasemarang,5,1,102,1,0,11711,79,255,126967,10,2011,0
dmllhdt,5,16,2,0,0,585,109,649,4233,8,2012,0
NurIntani6,1,3,482,0,0,2,15,1,19,2,2019,0
Annisainsani10,4,11,5,0,0,3,39,6,74,2,2019,0
cabjarilaulalan,4,4,11,0,0,11,63,0,31,4,2015,0
bkdjatengprov,3,4,80,1,1,30500,185,24348,23016,8,2014,0
BangRendhika,1,4,78,1,0,196,90,9571,2000,5,2013,0
fikri_ariza,5,15,29,1,0,87,315,4244,3010,1,2014,0
klinikhukum,2,3,121,1,0,117890,190,34,90454,10,2009,0
AzraNamla,3,2,22,1,0,12,299,305,233,8,2018,0
bennyekapoetra1,3,13,20,1,0,309,101,365,362500,7,2010,0
om_iswdg,2,8,9,0,0,374,186,6951,6356,5,2018,0
1MenujuDamai,5,4,21,0,0,2550,937,12863,443999,8,2013,1
54b95a1f5445449,6,15,3,0,0,650,1278,6028,7205,12,2014,1
AchieManroe,2,21,9,1,0,378,368,6243,2598,2,2018,1
AmrullahTika,4,21,20,1,0,158,423,7579,5648,5,2011,1
ArekNdeso15,7,2,3,0,0,526,83,3938,5898,7,2018,1
Ariefs82gmailc1,5,10,16,0,0,131,130,14657,3162,10,2018,1
cahaya_manusia,2,22,24,0,0,222,969,1559,2940,12,2018,1
chandranaya9,3,11,7,0,0,1246,1324,19884,24011,10,2014,1
darbulax,7,13,5,0,0,266,397,4178,29786,3,2012,1
Deni45158,6,15,7,0,0,211,177,6006,14741,11,2014,1
DietzNo,5,15,7,1,0,454,969,273,9939,8,2010,1
DimasPermana817,7,6,16,0,0,3162,858,57967,78816,11,2017,1
Dumeh9,3,11,9,0,0,292,890,1093,2901,9,2017,1
elhami87738242,7,0,34,1,0,340,2653,2816,5703,4,2019,1
erikgede,5,9,12,1,0,413,678,52523,49632,11,2010,1
himura89517038,6,6,18,1,0,897,1210,57337,54167,8,2015,1
I_Guswar,7,21,13,1,0,523,773,19625,41627,1,2010,1
ijoenisti,5,1,12,1,0,534,323,264,20249,6,2009,1
ImanSyafei3,6,11,9,1,0,74,188,1452,4347,1,2017,1
JakartaStar,4,22,54,1,0,1950,4882,1309,102208,4,2009,1
JendJoen,6,9,11,1,0,677,512,92241,72577,7,2014,1
KasanBaret,7,15,75,1,0,1636,1595,6637,10084,7,2017,1
LaeGaligo,6,13,74,1,0,338,706,2,9533,4,2019,1
marSyaheedAS,6,13,10,1,0,1807,2156,898,154462,11,2009,1
marwinteladan3,6,8,70,0,0,273,278,13915,17082,11,2016,1
memphisbelle311,5,12,6,0,0,150,298,21733,4370,5,2015,1
meongcucuh1123,2,15,6,0,0,356,475,194,468,1,2018,1
MisbahS10,7,22,6,1,0,111,290,7075,5953,3,2019,1
NanangPepi,7,5,27,0,0,34,74,5175,2846,2,2019,1
pertiwi_bunda,6,22,16,0,0,462,296,36731,34060,5,2018,1
rez_fir,7,14,10,0,0,147,99,443,14442,5,2012,1
Rsenosujana1,6,16,62,0,0,1326,2087,24059,73238,9,2016,1
RujackX,6,18,32,0,0,1250,1227,56318,55011,9,2018,1
Sans20580686,3,13,23,0,0,797,350,48618,23612,1,2018,1
Satia21132856,4,8,8,0,0,98,209,10421,8103,1,2019,1
SteelfireMe,4,11,153,0,0,25,70,2749,696,2,2019,1
sukabumiazam,6,23,22,0,0,318,1453,36929,43461,6,2013,1
Tahu_bulet1,1,3,14,0,0,210,291,4114,3143,3,2019,1
Tatik37414927,5,9,42,1,0,1117,753,73963,29286,9,2017,1
UmiFatih10,7,4,3,1,0,3410,2245,25179,18896,10,2018,1
URabelli,7,23,12,1,0,829,965,21648,25281,7,2018,1
visiau,6,15,14,1,0,728,1439,34339,43252,7,2010,1
yoyokss,4,6,48,0,0,63,36,399,2275,12,2009,1
yulierg,1,14,16,1,0,121,321,163,279,6,2010,1
_andra24,2,14,17,1,0,629,697,259,31429,1,2013,1
_chFaizaL_,4,14,13,1,0,8,29,14,374,4,2011,1
_Lelling_,3,14,49,1,0,161,183,5999,1901,4,2015,1
_sky_tree,7,13,4,0,0,2875,1081,968,31311,12,2013,1
02Sutrisno,6,13,70,1,0,144,318,3157,2993,3,2019,1
1907GLITCH,2,6,1,1,0,2,44,10,13,4,2019,1
2019GantiJoki,3,3,22,1,0,2359,1510,30018,49958,7,2016,1
2019PADI_,7,12,27,0,0,142,285,393,660,12,2016,1
2019tetapjkwma,6,13,323,1,0,329,167,5379,28500,7,2012,1
302Araz,2,15,19,0,0,93,242,9303,8896,12,2018,1
5uma_H4n,2,10,4,1,0,131,435,6947,3708,5,2010,1
73Buset,7,9,13,1,0,482,585,23552,19673,1,2014,1
9eee3d6f3784488,7,18,15,0,0,98,48,9808,3981,3,2015,1
aaamena1,5,10,155,0,0,16,19,376,585,3,2019,1
AAkbar66,6,14,22,1,0,534,698,32677,12562,7,2018,1
ab_anward,2,1,21,0,0,293,982,1923,32876,6,2014,1
AbahUjang13,4,10,15,0,0,97,258,2982,4156,3,2019,1
Abankgera999,4,17,7,0,0,414,1415,50719,49433,7,2014,1
AbdSalam_417,5,9,13,0,0,396,1162,2483,8471,12,2009,1
abdulbasittegal,6,13,20,0,0,28,102,82,344,6,2013,1
AbdullahMubarq,4,9,7,1,0,1197,354,4630,37607,10,2016,1
AbdulQadim1953,3,10,165,0,0,68,54,30,243,4,2019,1
AbdulQu29488021,6,14,18,1,0,189,471,3865,1244,2,2019,1
abi_daawud,5,9,9,1,0,762,1333,23714,20589,11,2012,1
abu_hudzaifah,6,22,22,1,0,373,1234,795,1309,12,2010,1
abuaqfal,1,23,10,0,0,13,154,975,903,2,2019,1
abuhisyam14,5,5,384,1,0,464,662,73,114,3,2015,1
AbuShafar_id,2,16,13,1,0,171,31,209,231,4,2019,1
Abustang4,2,3,11,1,0,93,467,7749,4960,7,2017,1
AcehSelatanSatu,3,15,18,1,0,9985,4640,6495,20981,2,2014,1
AchmadAndrego,6,9,44,0,0,223,872,18318,18943,3,2014,1
achmadmubarok81,6,1,16,1,0,1358,2334,66322,32181,9,2013,1
AchmadShonnyArc,6,1,27,1,0,123,325,7199,10523,8,2012,1
ad1suryad1,1,16,42,1,0,389,120,2217,4893,9,2016,1
AdaCeuceu,3,4,22,1,0,1712,587,14671,14273,11,2018,1
adam_moGerz,5,13,8,1,0,974,1001,317,30932,9,2011,1
Addyhens,3,14,22,0,0,314,464,28998,26542,10,2018,1
AdeAnnie1,3,22,20,1,0,4216,4240,29642,36669,7,2017,1
Adebayo46547328,6,20,18,1,0,278,577,7449,6474,3,2019,1
Adhi_Faiz,5,10,4,1,0,1275,1201,8804,22161,4,2010,1
Adi_Jul1,7,3,37,0,0,124,179,6125,4357,12,2010,1
Adi7114,7,13,31,0,0,151,117,6729,15870,8,2018,1
adjiesukma,3,0,5,1,0,514,371,4794,3174,11,2009,1
Adra_perantau,6,20,10,1,0,3271,4935,66492,62354,11,2013,1
AEPishere,7,6,6,1,0,2952,5001,580145,614094,1,2011,1
afaymf,3,15,9,1,0,184,467,12520,11371,9,2010,1
Afrizam4,1,0,34,1,0,374,701,15587,6907,12,2017,1
AHerucokro,4,12,11,1,0,166,514,14152,14317,2,2018,1
ahmad_bsd,5,23,15,1,0,404,574,20741,21618,9,2018,1
AhmadAndry,6,21,5,1,0,96,105,9021,4205,12,2010,1
ahmadraka1991,6,19,8,1,0,897,1718,3365,4901,4,2017,1
ahmadzikriaja,5,12,9,0,0,610,962,34946,28173,10,2014,1
ahmed_elhanif,3,16,49,0,0,153,583,995,1345,1,2011,1
AHSANFURQANIBR5,6,9,16,1,0,217,465,11659,13185,9,2016,1
AJazuli5,4,17,53,0,0,291,234,35340,7738,1,2014,1
AkhifaDanie,6,13,12,1,0,341,1046,2540,1536,6,2013,1
AkmalsQuad,4,12,39,1,0,74,203,709,1045,8,2018,1
Akunketiga6,4,13,7,0,0,120,238,743,1387,4,2019,1
Aldimahdi2,1,10,7,0,0,109,284,3891,3314,2,2019,1
Alexs66228512,6,11,8,0,0,83,117,12559,2440,4,2018,1
alfin_suli,1,12,15,1,0,53,712,1370,602,4,2013,1
AlfiRahmadi3,2,18,3,1,0,9,50,23,185,10,2018,1
AlfredoDeBocori,6,1,6,1,0,95,195,2485,10703,2,2012,1
ali_lenon,6,9,10,0,0,342,268,27435,17396,11,2018,1
Aliakba04945500,3,1,162,0,0,775,1636,380,7510,3,2019,1
AlifPancasila,6,18,39,0,0,62,114,17585,6635,10,2014,1
alqosam9991,7,1,9,1,0,115,132,1393,8224,3,2018,1
AmeliaP96199663,6,7,15,0,0,33,99,7041,2534,1,2019,1
Amet_81,4,9,32,0,0,1321,1204,28484,33363,1,2012,1
Ammar230214,5,16,14,1,0,3870,3525,58269,31504,11,2017,1
an_Dika07,3,21,4,1,0,78,78,9622,3570,5,2016,1
An91tony,6,15,137,1,0,8,0,2,12628,8,2018,1
anantamikola,7,6,18,0,0,54,169,8705,6405,7,2015,1
anastasiadv,1,2,191,0,0,12,32,11,4736,3,2019,1
andesrim,7,11,5,0,0,789,944,66750,16939,12,2011,1
Andi_Doank_,7,2,16,1,0,99,170,1344,905,3,2019,1
andi_irawaaan,5,7,5,0,0,479,561,12690,6662,12,2012,1
Andi43861013,3,17,60,1,0,398,995,6299,4626,3,2019,1
andotulong,4,21,4,1,0,494,961,33659,17906,12,2010,1
andreana81,4,3,18,1,0,36,217,839,5155,2,2012,1
andrebirumuda,2,15,21,1,0,1369,2042,15407,23501,3,2011,1
Andri0319,5,2,10,0,0,39,42,230,1094,2,2019,1
AndriEkoP2,1,11,10,0,0,51,106,1679,2936,2,2019,1
andryanidyah,4,3,26,1,0,367,543,1794,1466,11,2010,1
AndryMardha,3,15,5,0,0,30,460,3618,2264,2,2019,1
andryvolta,7,14,7,1,0,55,238,11234,2731,8,2010,1
AndyPra56444754,4,22,5,1,0,162,87,1250,5882,6,2017,1
AnesUlarNaga,7,11,15,1,0,254,366,22368,8138,8,2010,1
anFanani,7,3,46,0,0,1863,2768,26650,32042,10,2018,1
anggarini90,7,23,6,0,0,177,209,4564,4773,9,2010,1
anggawijaya29,5,10,18,1,0,312,345,3488,4770,1,2013,1
Angnana16,3,2,13,0,0,52,288,663,2824,3,2019,1
anjing_rizieq,2,14,4,1,0,100,255,1073,1294,3,2019,1
anndree69,3,9,28,0,0,185,508,1889,1272,1,2019,1
antoroantoro1,5,21,21,0,0,16,56,929,769,3,2019,1
Aqidah_Aqliyah,6,13,31,1,0,992,1080,482,473,3,2019,1
arddy_an,3,21,19,0,0,853,783,16910,13418,1,2016,1
ArdhyCelebes,6,9,5,0,0,54,163,45,76,3,2019,1
arimaharta,5,5,33,1,0,309,1007,6143,6149,7,2014,1
Arrype2,7,17,15,1,0,21,30,114,421,2,2017,1
arsa_bagaskara,4,23,14,1,0,146,55,10761,5296,4,2016,1
arungpatola,5,6,9,0,0,176,483,15033,1003,12,2015,1
AryPrasetyo_85,7,15,21,1,0,2523,507,16322,17499,2,2019,1
arzhaqprabowo,5,0,9,1,0,214,367,5950,2730,12,2011,1
asdin1369,4,22,6,0,0,190,471,7437,8501,2,2019,1
asepmulyadi13,2,14,60,1,0,567,818,6227,8167,6,2011,1
AsiehA616,4,12,12,1,0,593,699,17761,31118,12,2016,1
askar1431212,1,2,399,0,0,167,87,142,104,11,2018,1
assatry,7,1,12,1,0,293,214,6352,21928,12,2009,1
asysyamil,6,20,9,0,0,166,240,9882,16520,4,2012,1
ayudh41,5,12,10,1,0,1612,2072,104028,60480,9,2014,1
azherbal1625,5,7,27,1,0,285,3176,2820,922,4,2018,1
b4htiar,7,22,50,1,0,78,228,2836,1746,7,2011,1
bajigurceleng,7,22,15,0,0,3737,293,106,92621,1,2014,1
Bambang40048291,3,22,42,0,0,55,97,141,1572,9,2018,1
Bambang95093253,4,7,168,0,0,19,40,1965,250,3,2019,1
Bambang96581907,7,23,6,0,0,113,236,2793,742,9,2018,1
bandono_agus,4,7,13,0,0,120,636,358,976,11,2018,1
BangDamai,5,10,22,0,0,58,85,574,10066,12,2017,1
bangunnegeri2,5,12,7,1,0,1664,1617,97612,93902,8,2018,1
Banyubi27189064,1,10,3,0,0,38,283,653,77,3,2019,1
BARAQALLOH,7,1,5,0,0,308,1329,11060,12755,10,2017,1
baswid,7,2,20,1,0,471,1690,93,1509,6,2009,1
batamland,3,23,9,1,0,473,188,3345,21655,5,2015,1
Be_upto,7,5,15,0,0,36,82,65,966,9,2018,1
begukoya,5,15,52,0,0,2378,3332,18770,11521,10,2017,1
bembengrasamel1,7,14,11,1,0,306,545,19901,8630,2,2016,1
Benidictus6,4,7,7,0,0,122,262,1894,6206,1,2019,1
berthocaranth,5,4,16,0,0,62,119,2075,5926,9,2018,1
betty_ahmad,1,12,31,1,0,251,284,1591,1223,7,2013,1
bianca25090809,5,9,12,1,0,454,370,5610,26453,12,2014,1
Billy_aprianto,7,5,10,1,0,359,479,42579,26506,2,2010,1
biyant02,7,9,46,1,0,217,409,574,887,2,2019,1
bmt_sabary,6,15,60,1,0,1331,1862,23095,40371,8,2016,1
boedy_djohan04,6,14,8,0,0,120,389,7097,6340,1,2010,1
BorneoZacx,7,11,9,0,0,116,446,925,770,11,2016,1
BPop4ever,1,2,8,0,0,11,124,198,719,1,2019,1
Briannugraha84,4,5,18,1,0,521,972,8032,12769,1,2014,1
BrSatoci,5,15,12,0,0,595,812,3757,8447,10,2010,1
BSukamdono,1,15,9,0,0,1406,196,58855,63834,9,2017,1
buah_kiwi01,6,11,7,0,0,68,142,1253,1094,3,2019,1
BudhiMulya,3,7,61,0,0,40,55,86,948,3,2019,1
budi_rajaser,3,6,7,0,0,101,920,2065,1437,6,2017,1
Budihar40241380,1,16,20,1,0,59,367,2696,1333,3,2018,1
BudiR19733632,6,16,35,0,0,662,747,7844,19130,3,2019,1
BundaIbrahim,5,21,13,1,0,629,733,2111,26379,6,2011,1
CameliaEry,4,19,36,0,0,389,458,4474,2292,8,2014,1
CanDigawai,3,14,5,1,0,1575,955,94,92060,1,2014,1
CapresCalon,6,16,55,0,0,6,0,0,717,4,2018,1
cassanov2,4,21,9,0,0,217,156,19768,20629,8,2013,1
CborgC,7,15,18,0,0,81,80,34,7097,2,2018,1
ChairulAM3,7,2,42,1,0,211,247,4842,1376,12,2016,1
ChandraYanuardy,3,12,9,1,0,788,900,1214,565,1,2019,1
chentanto72,2,3,5,0,0,193,747,26810,9583,5,2015,1
Chitrad80606536,5,8,22,0,0,65,111,943,481,10,2016,1
christi01232264,2,21,51,1,0,50,90,678,591,12,2018,1
cimaul,7,15,4,0,0,607,368,26897,28493,3,2010,1
citoel1972,6,15,16,0,0,103,421,983,6466,6,2014,1
CocoAhong,7,13,17,0,0,183,280,200,2840,9,2012,1
CoklatKolor,2,23,95,0,0,517,1051,81,770,2,2019,1
corokulo,3,14,14,0,0,403,278,22759,25009,10,2015,1
CS_Ramdhani,7,12,22,1,0,349,254,40482,57044,9,2011,1
CSulaksono,2,13,5,0,0,120,409,5201,1803,10,2016,1
cucuhidayat071,6,11,18,1,0,6,0,0,12197,8,2018,1
d_wiratu,6,9,4,1,0,46,73,397,330,8,2018,1
d13a057faf924ad,5,17,6,1,0,313,810,10785,17328,6,2015,1
Dabniz999,3,14,5,1,0,156,502,10060,2004,9,2016,1
DadeFuad,5,23,94,1,0,117,284,14706,11320,5,2014,1
damaw71_,4,21,7,1,0,334,158,5694,25197,6,2016,1
DamianusDalita3,7,14,12,1,0,235,692,15172,3661,10,2018,1
danreb123gmail1,7,7,17,0,0,116,576,1762,3613,1,2019,1
Davichi101,6,18,203,0,0,4,3,0,12217,8,2018,1
DDesjhnelson,6,11,135,0,0,17,0,0,12216,8,2018,1
DDmayanti,2,2,11,1,0,559,855,51611,21203,3,2014,1
dean_suga,6,23,9,0,0,314,844,4858,10357,9,2017,1
DedirahmadiK,4,10,2,1,0,37,102,1905,2391,10,2018,1
DediTeulih2016,5,13,16,1,0,382,803,25820,23497,1,2016,1
DediWiratama5,1,11,11,0,0,389,111,26475,6829,1,2019,1
dedyframaya,4,13,4,1,0,46,68,1852,1081,3,2018,1
Dekwel1,2,11,10,0,0,101,135,7909,3284,10,2017,1
DeniGoju,6,4,72,0,0,23,131,682,393,3,2019,1
DevanAndian,3,14,69,1,0,304,306,3106,7430,1,2019,1
Dewandharu32,6,19,9,0,0,766,654,44600,5109,10,2018,1
dewarainmaker,7,14,31,1,0,142,273,357,1835,10,2011,1
dewi_amik1987,6,23,9,0,0,702,626,3533,29027,5,2014,1
DEWIKEADILAN,3,1,10,1,0,401,966,6976,7511,7,2013,1
dey_mamanya2dha,5,18,20,0,0,508,575,12761,12993,2,2019,1
diahdoank1505,1,7,9,0,0,27,25,1569,1315,10,2013,1
Diana75361577,6,12,27,0,0,19,81,293,140,2,2019,1
DidingNurislam,3,14,34,0,0,453,274,9845,8992,5,2014,1
diinulqoyyim64,7,22,16,1,0,102,311,28,5235,12,2018,1
DinarGinanti,5,16,137,0,0,4,0,1,12217,8,2018,1
AyishaZafira,1,15,498,1,0,2,6,3,3,8,2018,1
juhurudin,2,15,3,1,0,10,35,297,113,11,2015,1
ChacaDenata,6,9,480,0,0,4,20,5,21,1,2019,1
indah_purn4ma,5,2,59,1,0,22,53,30,955,2,2018,1
indonesia01jaya,5,7,60,1,0,238,70,298,595,2,2019,1
polisiwonosobo,5,2,158,1,0,19,1,0,629,5,2018,1
Pak_Eza,5,2,123,0,0,18,112,384,377,2,2018,1
DienOey,1,3,410,0,0,9,12,111,91,3,2019,1
asRuL29,1,13,9,1,0,1981,233,133,14635,10,2010,1
nia_apri4ni,2,1,49,0,0,4,74,12,489,2,2018,1
kusma_rina,3,7,3,1,0,12,44,3,40,9,2018,1
IffahKhofifa,4,6,486,0,0,6,23,0,15,2,2019,1
tameng212,6,13,17,1,0,88,224,591,934,3,2019,1
alyfarah1992,2,6,408,0,0,2,60,14,94,8,2018,1
suryahadi22,6,6,6,0,0,221,200,3,3720,9,2013,1
MarzukiAlba1,5,5,11,0,0,8,47,103,157,5,2013,1
emacantika,7,9,2,1,0,21,15,193,37,9,2018,1
aagymin,4,19,4,1,0,28,222,2732,1821,2,2017,1
hmerdianto,3,11,6,1,0,485,1133,10410,53484,8,2011,1
Jaklana2,1,18,3,1,0,64,203,1226,4492,6,2018,1
RuliandiniR,1,6,375,0,0,2,14,1,126,12,2018,1
sangpengemvala,3,7,25,1,0,175,27,503,1016,3,2019,1
harislov,4,3,9,1,0,80,112,3,670,5,2009,1
MaryamFatimah6,6,3,20,1,0,11,36,29,213,1,2019,1
alleySych,1,9,6,1,0,196,496,11678,9042,4,2017,1
Hammurabi_i,6,3,2,1,0,9,42,3,37,1,2019,1
fatmawati2014,1,14,5,1,0,71,196,3488,7549,5,2014,1
driver_jakarta3,7,13,12,1,0,164,217,18550,10991,11,2018,1
indahrm93,6,1,64,1,0,197,155,443,758,2,2019,1
VTyawani,4,16,28,0,0,18,73,4,1151,3,2019,1
kotaku_bekasi,7,14,3,1,0,2,51,3,86,12,2018,1
Khusaeni20,3,7,7,1,0,1404,2625,17741,18895,6,2018,1
yan_fah19,2,14,25,1,0,232,275,261,3001,12,2011,1
Robert_setya90,2,4,1,0,0,15,48,4,42,3,2019,1
rakyatrukun_,4,6,31,0,0,5667,143,215,2760,7,2018,1
Jolotundo7,2,4,204,1,0,7,124,6,470,1,2019,1
wahyoesure,5,12,4,1,0,218,459,1489,893,7,2009,1
RayssaDellany,1,16,121,0,0,161,36,229,3456,2,2019,1
nurel_effah,3,14,60,1,0,1147,771,14979,23511,8,2017,1
mamangsayurkol,6,4,58,0,0,161,154,303,517,2,2019,1
mersiherlina,5,8,459,1,0,11,21,65,43,1,2019,1
Pr1841788gmail1,4,14,15,1,0,1196,1175,11819,33925,1,2019,1
JuwitaDiana1,3,11,1,0,0,0,20,0,25,4,2019,1
LylyNurul,6,10,482,0,0,6,22,15,19,1,2019,1
YeniYul49377873,4,5,11,0,0,96,191,20,243,3,2019,1
LisaRah07320148,1,14,429,1,0,13,43,3,72,12,2018,1
Lkussoy2,6,13,500,0,0,3,38,119,1,3,2019,1
rev_anggara,4,1,82,1,0,107,1039,188,1696,2,2018,1
EmmaNaela,1,4,485,0,0,2,33,2,16,2,2019,1
princes66934439,1,0,29,1,0,35,38,5,1662,9,2018,1
hamburadulw2,6,13,323,1,0,12,2,707,15708,8,2018,1
Hanif22937222,7,1,5,0,0,13,52,1605,1183,11,2018,1
hanzelrestdhani,4,12,27,0,0,219,976,15467,9958,10,2015,1
Hardi_satriani,6,6,9,1,0,140,199,8789,26349,10,2009,1
harfenreds,2,15,34,1,0,1133,1124,3859,14152,4,2010,1
hariagunga,7,14,38,1,0,383,245,41861,12738,9,2011,1
Hariskaryadi,7,14,8,1,0,1341,1427,560,5367,11,2010,1
HarnawaBudi,7,13,12,1,0,270,362,20680,29207,8,2018,1
Harumdaun3,7,16,25,1,0,206,85,6091,7608,5,2016,1
Haryadi39560221,3,6,25,1,0,237,1486,4924,2856,12,2014,1
Haryadi74200732,3,8,6,0,0,105,79,5512,5212,11,2018,1
Hayik02,7,7,31,0,0,125,388,445,25859,3,2015,1
hen_p_astoro,4,16,36,1,0,515,282,324,48418,11,2010,1
HendarwatiH,7,14,4,1,0,1011,91,96895,43576,9,2018,1
hendra_kaf,4,15,9,1,0,2385,2520,34,16548,1,2010,1
hendra235,6,3,12,1,0,309,94,6636,68522,8,2010,1
Hendra27122013,5,14,11,1,0,468,330,59302,13259,3,2017,1
henikusman,7,10,10,1,0,1030,492,57388,10556,1,2011,1
heniunique,3,0,6,1,0,7260,3987,78311,38299,1,2013,1
henryku77,5,15,8,1,0,506,480,9072,8163,3,2018,1
herifals89,3,11,30,0,0,7,37,677,6939,10,2016,1
HeriSus78081249,5,7,216,1,0,154,473,393,910,10,2017,1
hernandcool,7,13,33,0,0,718,1674,1343,667,5,2009,1
HersantoEko,3,2,17,1,0,229,796,1750,2820,10,2017,1
Herusundoro,3,8,18,1,0,438,436,12798,19886,7,2010,1
Herygobang,3,13,6,1,0,83,223,4179,3517,2,2019,1
Hfifah122,6,3,181,0,0,88,4,1589,1318,3,2019,1
HidiawatiDefa,6,14,322,0,0,120,5,1841,20210,8,2018,1
HoetTkr,6,10,31,1,0,3961,3565,29114,58776,1,2012,1
hongkiy1,2,13,6,0,0,4236,1626,40490,57805,3,2016,1
humarihidayat,7,22,6,1,0,530,953,12633,26730,6,2011,1
IalSarmadani,6,0,23,0,0,259,301,632,2571,11,2014,1
Iank_ZQ,4,17,119,1,0,95,133,2741,3135,8,2013,1
ibachker,4,21,8,0,0,238,400,3715,10884,1,2013,1
IbnuErwan,7,2,48,0,0,80,449,1115,5390,3,2015,1
ibnul_munir,5,7,31,0,0,79,332,1474,1930,9,2016,1
ichigotalks,6,1,2,1,0,8334,8931,33639,9748,5,2010,1
ICHSANI85,4,15,56,1,0,88,1054,13166,13829,12,2014,1
IdaNursadiah1,4,4,33,1,0,50,120,2637,2992,12,2017,1
IdrisVandi,6,17,6,1,0,58,225,2128,1483,3,2016,1
ifanaz6,4,9,12,1,0,85,265,1998,1178,12,2011,1
ifoer78,1,23,12,1,0,275,2073,1378,1980,12,2010,1
IHakim007,5,23,5,1,0,3527,3851,1247,2277,9,2018,1
iif888,6,10,17,1,0,188,368,1150,2368,3,2012,1
IkePurwono,6,13,15,0,0,726,393,11825,16339,4,2014,1
ikutjokowimaruf,6,15,126,0,0,8,4,1,9582,10,2018,1
ikwanashari,3,17,11,1,0,7649,109,581,2619,12,2017,1
imbangimedia,6,21,27,1,0,3810,782,139703,220501,5,2012,1
Imron22Ahmad,1,15,10,0,0,17,72,2781,1949,6,2015,1
indisastrautama,4,5,23,0,0,149,229,8647,7067,10,2018,1
Indramajid8,6,13,14,1,0,2210,1626,108023,99068,12,2017,1
iqbal_jambi_,1,1,17,0,0,245,461,6909,9448,3,2012,1
iqiroy,5,23,73,1,0,53848,28649,544,35542,12,2013,1
irairwi,4,23,20,0,0,59,91,95,1208,9,2011,1
irawanjayakarta,5,16,41,1,0,860,1760,25384,24905,8,2009,1
Irmapadang1,5,4,34,0,0,23,146,156,881,5,2012,1
Irv4nory,7,11,26,0,0,88,578,7497,1550,11,2017,1
irvanasir,3,1,12,1,0,14,132,166,169,9,2011,1
irwan_cib,7,6,13,1,0,428,618,20871,22754,5,2010,1
Ismadani7,6,16,363,0,0,9,70,1782,122,8,2018,1
IsmaWat79495337,6,4,489,0,0,2,32,19,73,3,2019,1
ivankastara,7,15,8,1,0,83,119,1413,2303,3,2009,1
Iwan_Kapuk,7,16,16,0,0,2102,2257,40568,34027,5,2013,1
iwanwir,3,16,56,0,0,233,9,30,9247,5,2014,1
jabar27,1,13,42,1,0,342,421,60,5023,10,2009,1
jackymanise,7,0,15,0,0,2009,2437,62777,58326,1,2011,1
jaenudinngaci20,5,12,497,0,0,2,4,18,9,3,2019,1
JAKDIVE,5,14,15,1,0,13,51,3,1989,11,2010,1
jampangtripoli,1,23,14,0,0,72,132,9616,8681,11,2013,1
jantosn,4,4,25,1,0,84,229,11748,11265,4,2010,1
Jaya_Ind,7,16,19,1,0,545,1122,43342,36508,2,2012,1
jempolpedes,1,11,32,1,0,162,240,217,827,3,2019,1
JhonHtjl,4,8,17,1,0,4010,3918,52234,28668,7,2017,1
JienSatria,3,7,7,0,0,254,855,7893,8739,5,2018,1
JikoKaicili,5,6,15,0,0,834,4978,6227,6833,12,2018,1
johanissuhaili,2,6,8,0,0,890,2246,6927,32950,1,2012,1
JohanWoda,5,9,19,1,0,317,558,51458,35007,6,2018,1
John11353891,6,15,24,1,0,116,339,14642,7741,5,2018,1
Johnleg67383563,6,23,9,0,0,166,561,27084,9736,7,2017,1
Johnywick20,6,10,14,0,0,544,562,1964,18675,1,2019,1
jokoselong,7,15,34,1,0,1831,169,3738,168941,6,2014,1
Jokowi1xLagi,7,15,47,1,0,1485,66,5985,111120,7,2009,1
jono527,3,1,7,1,0,72,84,4681,868,10,2017,1
joyanle1,7,11,15,1,0,497,595,3131,10146,3,2012,1
jubelekete,5,13,33,1,0,2098,1838,15513,71764,10,2009,1
Juslanho,5,3,25,1,0,29,71,5169,1299,7,2013,1
justanam,6,1,28,1,0,27,43,567,590,12,2009,1
jvdas_iskariot,7,0,9,1,0,24078,2499,2956,131001,6,2012,1
kadiyono,7,11,7,1,0,1576,4993,63428,39391,10,2009,1
kakakirham,1,12,14,1,0,183,385,7158,1562,8,2010,1
KampretPemburu,5,0,17,1,0,97,436,2724,3531,8,2018,1
kamubeauty,6,0,6,1,0,1218,125,280,7857,7,2012,1
KandarSKD,5,21,22,0,0,443,457,17987,23075,5,2017,1
kangdeedee,2,14,3,1,0,360,391,66,6197,12,2009,1
katon_kara,6,18,134,0,0,4,3,1,12218,8,2018,1
KCDj_785,7,10,7,1,0,123,515,7135,2883,7,2012,1
kellyrudi,5,15,11,0,0,1040,1113,541,44949,9,2015,1
KemasAndresMesi,4,14,14,1,0,150,277,16801,641,8,2018,1
Kencanacyber,7,22,19,1,0,763,871,41920,21838,8,2018,1
kessi_hermana,6,2,9,1,0,859,734,7625,24591,2,2012,1
keypoyakeypoya,4,11,22,1,0,342,431,1302,1024,10,2013,1
khoiri_redho,3,17,466,0,0,4,71,0,49,12,2017,1
KickyRnr,5,11,27,1,0,76,24,3347,4267,8,2017,1
kondangtitis,1,21,11,0,0,545,246,7705,15133,8,2011,1
Konde_001,3,13,9,1,0,327,303,83,17438,7,2015,1
kopral_jon00,5,14,14,1,0,808,807,14850,62321,8,2014,1
krisnaplano,4,21,30,1,0,63,213,6107,8184,7,2013,1
Kurniaw6Herlina,5,16,30,1,0,542,92,17135,75351,6,2016,1
kurniawan1911,5,13,7,1,0,1996,915,148,2374,10,2008,1
KusnandarNand,1,23,371,1,0,164,339,9,136,12,2018,1
KusniaNina,2,3,15,0,0,108,214,3485,465,5,2015,1
LaingenLisa,3,14,31,1,0,699,763,44170,67175,10,2013,1
laksmurni,6,2,16,0,0,2445,1729,24921,23555,8,2018,1
lanunatuna,3,14,10,0,0,2910,2919,97031,92430,5,2014,1
LArp02,6,8,37,1,0,1027,1391,64105,57686,1,2018,1
LC01L,4,18,288,1,0,104,85,4236,9542,5,2012,1
ldfatho,7,1,41,1,0,2238,2199,26439,30215,6,2018,1
limyarto,1,1,23,1,0,2943,924,306,16727,10,2012,1
LineSpas,1,11,5,0,0,46,23,2859,5876,6,2018,1
lnfoKerjaNyata,3,13,26,1,0,879,1463,79,927,1,2013,1
lockenloll,4,16,14,1,0,178,261,352,8717,1,2017,1
luaneyap31,2,6,14,0,0,148,229,2963,2966,1,2014,1
lulumureta,2,1,6,1,0,52,33,9735,124,5,2014,1
Lutino34131379,7,15,12,1,0,834,1643,10850,3188,6,2018,1
m_32_87,4,14,10,1,0,1263,2406,27971,35190,2,2012,1
m_ibnu72,1,23,10,0,0,718,2178,1498,1878,10,2013,1
M212Rahmat,7,13,44,1,0,1432,452,45433,37900,12,2018,1
mabsus_af,4,22,10,1,0,475,164,63,303,7,2016,1
machfud20084527,6,13,16,0,0,140,83,9497,2648,4,2016,1
MadameLou2,3,8,8,0,0,86,989,7762,3476,12,2015,1
madang_kemulan,5,15,11,1,0,357,1950,1159,23729,9,2009,1
ManFabio1,4,12,7,0,0,145,1208,12551,8037,6,2017,1
mang_rifai,1,21,4,1,0,40,122,3286,959,10,2018,1
ManofBravo,5,3,24,1,0,198,64,1058,6339,1,2016,1
Mansabar1,1,4,20,0,0,5,87,78,486,3,2019,1
mansuruddin4,7,0,42,1,0,89,193,151,2215,6,2015,1
MardutPM,5,5,4,1,0,847,3588,3697,6748,2,2017,1
MArifSuparman1,3,10,14,0,0,941,1817,1131,2670,11,2016,1
MarjokoTri,6,23,45,1,0,65,172,213,337,12,2014,1
marjoso71,2,3,6,1,0,465,1463,2541,21123,4,2012,1
maruswijaya,6,12,107,0,0,39,164,1338,6128,3,2018,1
mas_f4d,4,15,11,0,0,792,673,99,41610,9,2011,1
MasNdiens,1,15,8,1,0,271,577,29963,33838,1,2015,1
MasTBP_,5,4,21,1,0,38567,5234,10192,288727,8,2009,1
MasYan19787125,4,15,21,1,0,221,421,12181,14455,12,2018,1
masyoko,1,15,35,0,0,70,188,2649,900,7,2009,1
Maul4na_JM01,6,14,17,1,0,4115,1337,52567,57769,12,2010,1
Maya_Bifi,3,11,4,0,0,621,860,7796,22925,11,2011,1
mayak1990,6,13,19,0,0,616,666,3515,13042,3,2011,1
mayiloveu2,6,17,24,0,0,152,216,19239,11421,8,2018,1
MB173212025,3,3,16,0,0,262,156,4769,10936,1,2017,1
MbahSyong,4,17,57,1,0,949,124,52426,54353,1,2018,1
MedanTownChinas,7,10,21,1,0,1304,1313,88,99402,9,2012,1
MediaRakyat_,6,16,27,1,0,2381,1948,6733,3599,7,2015,1
meitamorfosa,4,22,9,0,0,111,262,11162,16104,10,2014,1
Membangkang1,4,16,8,1,0,364,997,1401,736,10,2018,1
Memosastra4,1,13,4,0,0,79,688,4076,2372,5,2018,1
merahputih_id_,4,17,360,1,0,74,11,24,11013,2,2014,1
mi_00000018,1,7,13,1,0,382,1196,33,3294,8,2012,1
mileakamucantik,1,11,25,0,0,10,28,7,705,3,2019,1
minnursandi,1,14,12,0,0,52,146,1580,1462,11,2013,1
Misbakh70000161,7,16,10,0,0,160,150,727,4421,1,2019,1
MisRitaKalang,7,12,13,1,0,771,1320,30791,28578,12,2009,1
Mmorangkir,5,17,5,1,0,847,1307,8611,18037,11,2010,1
Moezamil1,2,23,10,1,0,184,242,1027,5168,11,2017,1
moh_antariksa,5,23,29,0,0,51,154,2412,855,7,2013,1
mohidrisabiputr,7,11,13,1,0,157,185,1260,342,4,2018,1
momilthecat27,7,15,18,1,0,758,1371,8368,16656,1,2011,1
MonRandi36,2,2,6,1,0,286,144,6,7989,12,2009,1
dikapradik,3,5,92,1,0,61,189,138,623,1,2013,1
Kristof83100077,7,12,7,0,0,127,284,953,1005,3,2019,1
temancelebes,1,1,79,1,0,139,1351,90,1356,2,2018,1
b_chokie,5,3,62,1,0,16,52,2775,1669,9,2018,1
AdrianSanjaya16,3,3,273,0,0,22,156,57,255,11,2018,1
jongkynaa,4,6,4,1,0,7,129,0,33,1,2019,1
JoeKido14,7,8,439,0,0,1,101,2,63,1,2019,1
Viraprtw20,4,10,228,0,0,43,291,308,272,2,2018,1
IpinkPing,2,13,18,0,0,17,172,22,76,3,2019,1
TanteSekar,6,8,61,1,0,26,52,1698,2740,2,2019,1
prasetyawae1,3,2,7,0,0,102,214,13097,10388,4,2019,1
jalukman1010,7,8,302,0,0,38,160,193,199,9,2018,1
mamanisa123,6,8,448,1,0,16,69,3,53,1,2019,1
CA91786,3,12,9,1,0,666,457,14150,21024,8,2018,1
ummychasan,7,12,10,0,0,1374,1093,36052,59096,6,2014,1
RinaDwi2121,5,2,178,1,0,17,48,16,1036,2,2018,1
peridotit22,5,3,464,0,0,31,218,2,37,2,2019,1
JemmySeptianus,3,4,9,0,0,7,46,328,1618,10,2014,1
MRamadanie,3,17,266,1,0,0,19,3,234,2,2019,1
andri_aditiya21,4,9,21,0,0,3,31,67,159,8,2018,1
tsaniann,1,14,7,1,0,301,851,35926,22161,6,2015,1
ZahrilD,3,7,279,1,0,22,27,50,363,11,2018,1
ahmadaryadi499,4,11,42,0,0,20,251,318,353,2,2018,1
Ferry13602224,3,22,6,1,0,263,199,33327,22728,8,2018,1
AsepW83497854,3,13,81,0,0,169,100,353,15953,4,2018,1
alfath0504,2,1,5,1,0,1116,698,565,2958,8,2012,1
sinemapagi1,3,13,80,1,0,45,201,222,1562,7,2017,1
Maanibike,7,13,6,0,0,109,83,9691,1464,9,2017,1
dnsyjsmn1,4,2,62,1,0,2,39,16,127,4,2019,1
DinaRah01430811,1,15,466,0,0,19,94,4,35,12,2018,1
TanteMiska,3,0,15,1,0,79,57,2152,4189,2,2019,1
Adi7114,7,13,31,0,0,149,115,6699,15822,8,2018,1
RexyChristian1,1,0,10,0,0,1192,873,14221,50915,9,2016,1
jibotu,7,14,42,1,0,495,492,4554,14067,8,2011,1